Row Names,instance_auroc,full_pixel_auroc,anomaly_pixel_auroc
btad_01,0.9805636540330418,0.9715008379373197,0.9582355576082616
Mean,0.9805636540330418,0.9715008379373197,0.9582355576082616
