Row Names,instance_auroc,full_pixel_auroc,anomaly_pixel_auroc
btad_11_histogram_eq_wood,0.8365,0.9608188825879601,0.953249167528027
Mean,0.8365,0.9608188825879601,0.953249167528027
