Row Names,instance_auroc,full_pixel_auroc,anomaly_pixel_auroc
btad_01,0.9727891156462585,0.9706840124322257,0.9569961006103179
Mean,0.9727891156462585,0.9706840124322257,0.9569961006103179
