Row Names,instance_auroc,full_pixel_auroc,anomaly_pixel_auroc
btad_02,0.8153333333333334,0.9580421704819037,0.9499869024620965
Mean,0.8153333333333334,0.9580421704819037,0.9499869024620965
